{
    "KoTimms": 1730496837.0427234,
    "worseroot": 1730496865.3588698
}