{
    "KoTimms": {
        "timestamp": 1730497420.1202042,
        "device_id": "7895ee0e386db62474550d9928ac9455aedeeb70a503840ddde754c94c2dfde1"
    },
    "worseroot": 1730497553.4692447
}